,nssCH2,nHBint10,SsssCH,nHAvin,SHdsCH,maxsssCH,maxwHBa,maxHBint6,nsssCH,SdO,maxHCsatu,nHBd,maxsCH3,SHBint7,SaaaC,SsssN,minHBint3,nHBint5,mindssC,SHsOH,SssS,gmax,minaaO,nssNH,maxssO,ndssC,minHBa,SHBint9,SdssC,nssssC,maxHother,minwHBa,SHaaCH,nsF,minHCsats,minHBint5,sumI,maxHBint3,minHBd,SHBint2,hmax,minsssCH,maxaaCH,hmin,minaaCH,minHBint8,SssssC,maxdssC,minHBint4,SwHBa,minHBint10,maxHCsats,maxaaN,gmin,maxsOH,nHBint4,maxHsOH,minaasC,nsCH3,minsOH,nHBa,minHBint6,SaasC,LipoaffinityIndex,naasC,minHaaCH,maxaasC,minssCH2,SHBa,minHBint2,SHBd,maxHBd,minHsOH,nHBint6,MAXDN2,ETA_Eta,ETA_Shape_P,ETA_dBetaP,ETA_Shape_Y,ETA_Beta_ns_d,ETA_EtaP_F,ETA_Beta,ETA_Eta_B,ETA_Epsilon_1,ETA_Eta_B_RC,nFRing,n5Ring,nF9Ring,nRing,nFG12Ring,n6Ring,MDEO-22,MDEN-22,MDEO-12,MDEO-11,MDEC-33,MDEN-23,MDEC-11,MDEN-33,MDEC-22,MDEC-23,SP-6,nX,nS,nO,VCH-7,SCH-7,nBondsD2,C3SP3,C3SP2,C1SP3,C4SP3,C2SP3,VC-3,VC-4,VC-5,SC-5,BCUTw-1h,BCUTc-1h,BCUTp-1h,BCUTp-1l,VPC-6,SPC-6,MLFER_E,MLFER_S,MLFER_A,MLFER_BH,ATSm1,ATSc1,ATSc5,ATSc4,WTPT-3,WTPT-5,nHBAcc_Lipinski,nHBAcc2,ALogp2,CrippenLogP,pIC50,Caco-2,CYP3A4,hERG,HOB,MN
0,0.0,1.0,-1.8283663175358988,0.0,0.0,0.6619243699278623,0.0,5.227660703934007,4.0,0.0,0.4190121635076491,18.0,0.09675430378780617,108.988597347646,5.098661929233744,7.78547037907882,7.485371546978335,11.0,-1.6940545042629715,0.0,0.0,4.354194481240455,1.8468152602451868,26.0,0.0,2.0,-2.45409785793604,-0.7172935262849829,-18.287763315762675,0.0,0.15129006946742896,0.8523159279110217,9.57880393700869,0.0,0.0,0.7139153349237155,130.08420213203576,8.301015345202002,0.26116106353253515,180.19905686857206,0.320119401927437,-0.8989217817619074,1.4156260791462836,-0.39386815081504134,1.5732215857469498,2.2734549919812377,-5.265071921775414,1.0029890171228864,1.7806033573150977,-12.469422172634847,-1.48769668802637,0.7175980635341874,2.9618525307398262,-1.7706205419321206,4.498333857527086,6.0,0.8162903065582818,-2.03116525468211,3.0,11.516156852097884,46.0,-1.0591347640493298,11.373414728031099,23.003681372365104,14.0,0.5104767678134704,1.3139684962220533,0.4992861348419044,476.22255928359596,-1.24848133906608,1.7215366326233266,0.5838037111831573,-0.1232524390993,86.0,0.49054988662131505,7.381589999999999,0.45498999999999995,0.25040378887316916,0.12766,0.5994711064567945,1.6825599999999998,144.16756629154003,-0.018619999999999998,0.47296000000000005,0.17431,0.0,0.0,0.0,0.0,6.0,0.0,0.9121990733820979,1.7915899977931635,1.1779657174671612,0.0,9.082056099303962,4.468446349178298,0.0,0.854569651081482,35.32070533617561,10.296477080978985,15.279915577832147,0.0,0.0,6.0,1.6604578433487702,2.0042638144025804,19.0,1.0,12.0,19.0,0.0,41.0,0.19238672944775,0.0,1.4810586535436898,0.0,25.805161443478397,0.527629815551988,13.229303641672471,6.776736751581673,18.548491680604698,16.384340071443944,9.973530579571431,21.73,7.221190807567325,13.256320458991478,15.7744690355409,0.0349183255775446,-2.88997354525015,1.2355267364795366,114.4116402725999,0.0,28.0,4.0,3.59999999998155e-07,2.671009309094452,7.119954974943923,0,1,0,1,1
1,0.0,8.0,-19.48003380510511,1.0,1.2465826119191417,0.4380163240115631,0.0,6.238336910139605,0.0,56.37226431150485,0.8191399843741329,0.0,0.5179309431791188,14.868047035717932,3.2305303814941064,6.130367101567906,9.647211792162523,8.0,-1.0693792723044369,0.7599935125305717,0.0,12.573729745882163,3.36926246650735,25.0,0.0,14.0,-1.8458785235635238,124.69938665736365,-21.761653647231103,1.0,0.222972082292651,0.4630673408510827,0.0,0.0,0.0,0.6306873476612558,29.8333333333333,0.0,-0.1232524390993,201.42784295536998,1.74582832185514,-3.0799845075047303,0.2767482639402872,-0.16159746060054136,1.4165838318998938,2.2534328609255625,-2.062939429213526,2.3095126450071497,8.485577038450307,7.289313957610219,5.113168952850638,1.1379571521070444,2.135815137868604,-3.260012366632237,9.187973460999977,4.0,0.24074699270246647,-2.03116525468211,6.0,8.984004605395759,16.0,4.092956251976731,-0.9117810825432393,23.003681372365104,7.0,0.6705006574187398,0.4546959777066238,1.1267580965240644,476.22255928359596,-0.7741504757223097,0.0,0.7234773999605979,0.13581328586988395,63.0,2.2554579764237914,7.381589999999999,0.4495904144706447,-0.128902255864467,0.12766,0.7519278600087,1.6825599999999998,11.25,-0.018619999999999998,0.84349,0.17431,5.0,1.0,1.0,5.0,5.0,0.0,1.9191797973516298,4.59360151088942,0.9077561168800332,0.16134695128562848,0.0,4.418230368973787,2.6530955481841683,0.7143271339278516,33.30980624828652,13.571263802269453,0.9766753087216049,4.0,0.0,16.0,1.6604578433487702,2.0697900366301667,6.0,3.0,7.0,8.0,1.0,3.0,0.9109132516697285,0.30944393928114267,1.0745628226579171,0.22097112652818712,14.003084162004399,0.527629815551988,15.339408589492416,4.533085206638729,18.548491680604698,11.19269055961397,0.40499999999999897,19.854909589951017,1.298264718084356,0.13899999999999899,15.7744690355409,0.0349183255775446,-2.0059125390419235,1.0704559497380066,157.94186167792478,0.0,66.0,0.0,3.59999999998155e-07,10.713930058365335,7.229707099489,0,1,0,1,1
2,0.0,0.0,-20.361168011394113,1.0,1.6237889559387408,0.6317938297942238,0.0,7.223516956602716,0.0,39.808008654472744,0.8781712533667734,0.0,0.9643923814307558,81.6137236235323,7.421622882371906,7.095472789527946,9.86926500070229,0.0,-1.6357762774290263,0.0,0.0,3.57895408163265,1.8378319942130779,26.0,0.0,9.0,-2.45409785793604,116.90408480702499,-20.31305674579939,1.0,0.22713536302375073,0.2437429656958745,8.657641916800904,0.0,0.0,-0.9707613344348487,29.8333333333333,9.86926500070229,0.137636963782035,201.42784295536998,1.74582832185514,-3.0799845075047303,0.7344352554365691,-0.3137351029184483,1.7115943331535615,0.17427845444397305,-6.322236383733875,2.3405882306626298,-1.19132654126204,37.42688594776433,-1.48769668802637,1.2653541880167618,4.815292750482687,-4.625271652237027,10.44103904933386,8.0,0.5833650633830795,-2.03116525468211,1.0,11.48715257672743,19.0,-1.0591347640493298,2.6815919834642106,21.050756501837515,7.0,0.7892419515058849,0.9731283776186994,0.7214666313271929,476.22255928359596,1.820999752867336,4.226198755561931,0.8527721508139521,0.0190655837776465,86.0,1.3267907646076098,7.381589999999999,0.35144801435829087,0.10490462977802512,0.12766,1.8800143782547911,1.6825599999999998,11.25,-0.004146344399029722,0.7597910118292773,1.104912157013795,5.0,1.0,0.0,0.0,6.0,0.0,0.0,6.266787286561389,2.1296578167549143,0.0,0.0,5.421612021659071,1.3568221012264496,0.5660802576601371,35.32070533617561,1.0500548680060149,4.070021230913543,3.0,0.0,19.0,1.6604578433487702,2.113920757605025,7.0,1.0,9.0,12.0,0.0,3.0,1.7175420110836757,0.04557266451619227,1.3538128408250487,0.0,22.453294978831963,0.527629815551988,14.125760431696607,5.177335072036751,15.433494146820781,17.916432502074723,3.656340499455988,21.73,4.519196069314799,17.17904092532379,15.7744690355409,0.0349183255775446,-1.5998278263440895,1.6883551734264228,41.67146474789083,0.0,1.0,0.0,5.470993794459162,0.9857996957774029,7.165157252701639,0,1,0,1,0
3,0.0,1.0,-23.890826611816102,1.0,2.3095484393409103,0.5989407440381836,0.16794261415082556,8.112502610545894,0.0,7.993074604449831,1.0318898839940371,4.0,1.3210326784699955,40.001196384393296,7.6972372599437735,0.468948699547854,6.328361688446238,0.0,-1.90342592592592,0.0,0.0,11.849366620067878,1.878371288467346,1.0,0.0,10.0,-2.45409785793604,-0.7172935262849829,-17.708750143621113,1.0,0.20056048644867946,-0.7155804396404208,0.0,0.0,0.0,-1.19807343013356,29.8333333333333,1.3064720793437916,-0.0665233165752766,201.42784295536998,1.74582832185514,-3.0799845075047303,0.40727716802579106,-0.44159506370242835,1.0116060989998243,0.04452284196666845,-1.206860007502383,2.3405882306626298,3.115754331241482,-16.536827350424762,3.161285056256343,0.8825790200637338,3.8012373089143647,0.8697439603311992,12.470850049922,8.0,0.46356734413488127,-1.9069423134883374,5.0,11.732336442701198,0.0,3.4807255544887044,11.373414728031099,23.003681372365104,0.0,0.5621273167358245,0.823943269100472,0.3929748478836465,258.55128689854416,1.7954407234376002,0.0,0.8527721508139521,0.17886981088466936,38.0,1.6772694634568763,7.381589999999999,0.45102375637678743,-0.6087,0.3544653398037081,0.9276808329764307,1.6825599999999998,19.644891354030833,-0.018619999999999998,0.47296000000000005,0.17431,8.0,0.0,1.0,1.0,5.0,3.0,1.5666019310957773,6.8631880370763305,0.4468537518601281,0.0,0.0,0.9405821850825697,1.4420397366053606,0.2974862415183222,35.32070533617561,0.0,6.373988833378532,2.0,0.0,20.0,1.6604578433487702,2.15052415993689,0.0,5.0,9.0,11.0,1.0,0.0,1.7945094448810652,0.3498225571017831,1.151111017943326,0.0,14.003084162004399,0.5186774341541959,16.7482907932269,6.278330588790895,18.548491680604698,4.966590056127027,0.40499999999999897,19.551984993566467,-0.856,0.13899999999999899,15.7744690355409,0.0349183255775446,-2.88997354525015,1.82686244848981,2.47446800584747,0.0,36.0,0.0,3.59999999998155e-07,0.4020142561511286,7.317653829160332,0,1,0,1,0
4,0.0,1.0,-23.890826611816102,1.0,3.5928834404132,0.28930965903192,0.0,8.58685084195811,1.0,0.0,1.1182769982993102,0.0,1.652281003467261,54.66915671580276,8.429252308276839,4.166361623085833,9.86926500070229,0.0,-1.90342592592592,0.0,0.0,10.42704082164238,3.464650163212652,0.0,0.0,28.0,-2.45409785793604,-0.7172935262849829,-21.761653647231103,0.0,0.48718063031823705,-1.6183466506598772,0.0,0.0,0.0,-0.15915570985163452,29.8333333333333,9.86926500070229,-0.1232524390993,201.42784295536998,1.6456016604653412,-3.0799845075047303,0.5437038118133783,-0.3040903535875882,1.4299847183068923,6.68717389407302,-0.12291408531273662,2.1336135745640346,2.5185359006102606,49.966749503730604,5.168937311753069,0.6576272571189978,1.581035506448662,-0.9171984251312333,12.470850049922,0.0,0.35959037303526614,-1.9287346768559193,1.0,10.137504063879469,34.0,3.9065830846556393,4.0270175308497045,23.003681372365104,0.0,0.6614544687068604,0.34498763215288253,0.10414777274669307,378.3694577467644,1.5550406789946973,0.0,0.8527721508139521,0.015270174853437679,60.0,1.9043531473055706,7.381589999999999,0.45498999999999995,-0.6087,0.20164819739651124,1.4488516762660841,1.6825599999999998,11.25,-0.018619999999999998,0.6906773619492104,3.305828467426224,10.0,0.0,2.0,1.0,6.0,1.0,1.1076495681196141,6.8631880370763305,0.19129877522682137,0.0,0.0,1.3673412860780916,3.9944004387058047,0.4219636229686269,35.32070533617561,3.253671538372794,0.9766753087216049,3.0,0.0,20.0,1.6604578433487702,2.15052415993689,7.0,2.0,6.0,22.0,1.0,0.0,2.1036341635061655,0.31333571156593565,1.3470529457779703,0.0,14.003084162004399,0.527629815551988,16.7482907932269,3.2835894288193512,18.548491680604698,9.398376181165887,0.40499999999999897,21.73,3.841748060813289,3.585380800659605,15.7744690355409,0.0349183255775446,-1.1901243914124444,1.82686244848981,21.528854641199878,0.0,1.0,0.0,14.065697629255084,3.047337988482443,7.45128258396732,0,1,0,1,0
5,3.0,1.0,-23.890826611816102,1.0,3.5928834404132,0.9775188332851179,1.505450957069926,0.17165040197145798,0.0,0.0,1.117536236212278,2.0,1.5402205328178509,9.191971968723177,8.429252308276839,0.0,-0.6321855160900673,0.0,-1.90342592592592,1.5823759617905147,0.0,10.96813834261697,1.9885142678938075,0.0,0.0,12.0,-1.4742626373687502,-0.7172935262849829,-20.100314498622264,1.0,0.3610451335323878,-0.5337071801173685,0.5442294220130619,0.0,0.0,-1.19807343013356,59.60802102487959,6.112611302836633,0.18833881255847057,162.6820249285091,1.74582832185514,-3.0799845075047303,2.48260545267489,-0.345791551734576,0.8723411878053569,7.261298965173807,0.863008037612675,0.067918629199053,-1.19132654126204,49.966749503730604,3.771000966318066,0.2692033447605879,1.5553162893039583,1.0407660919286714,9.417390253711398,3.0,0.13361734781336246,-1.318004221255614,4.0,8.844415498980002,10.0,-0.9839031356726429,10.514252843494734,23.003681372365104,0.0,0.46976839284890126,0.04280547905708443,-0.32042766052759464,426.4708598117063,4.8230002073074525,0.0,0.4614157475325831,0.33346859978094057,55.0,0.6096090857454299,7.381589999999999,0.43228344205450686,-0.6087,0.56604,1.3581522586634256,1.3854109533581183,11.25,-0.018619999999999998,0.6578811240666544,1.0946619500945165,8.0,1.0,0.0,0.0,5.0,3.0,1.5837574104511778,1.5623472312082496,0.0,0.0,6.550420506577529,0.6763852619113229,2.278001481678015,0.24799571716760038,35.32070533617561,50.672275993245165,5.106633624350834,3.0,0.0,20.0,0.9355987981743915,2.135226174842822,0.0,4.0,4.0,11.0,0.0,0.0,2.8878805608680516,0.20747409415525053,0.35166103600151755,0.0,14.003084162004399,0.4769702589854771,16.30436776779628,6.2376899872832325,11.785911138986492,15.106280773355712,0.40499999999999897,6.608462608024937,0.9831029842732691,0.13899999999999899,15.7744690355409,0.0349183255775446,-2.88997354525015,1.82686244848981,2.47446800584747,4.1173883344187985,1.0,0.0,3.59999999998155e-07,0.7275540454662299,7.252724044934547,1,1,0,1,0
6,3.0,0.0,-23.890826611816102,0.0,3.5928834404132,0.9775188332851179,0.1785602286499976,2.268644416921201,0.0,0.0,1.1182769982993102,0.0,2.58351946334089,-1.2367632389988898,8.429252308276839,0.0,-1.1901372741771499,0.0,-1.90342592592592,0.0,0.0,11.65906756533649,0.0,0.0,0.0,21.0,-1.759958902818434,-0.7172935262849829,-21.761653647231103,0.0,0.6079469312162077,-0.7627281624326674,0.0,0.0,0.0,-1.19807343013356,29.8333333333333,7.384131543003532,0.012637602700711098,201.42784295536998,1.74582832185514,-3.0799845075047303,2.000018271953839,-0.43767126042764465,0.7331995637409241,9.288132713164881,0.863008037612675,2.3405882306626298,-1.19132654126204,49.966749503730604,3.206920316119877,0.0,0.0,1.17611678004535,11.558052492491342,0.0,0.33842353394387215,-1.0357972551777015,3.0,11.715331498457004,0.0,-1.0591347640493298,7.863213113766178,23.003681372365104,0.0,0.40526345909486144,0.05685332522233488,-0.8619795659996765,248.66144392543166,5.441147231732676,0.0,0.23438290026421227,0.4346298559761086,64.0,0.49054988662131505,7.381589999999999,0.45498999999999995,-0.6087,0.56604,2.1149899709400115,1.4834963124344485,11.25,-0.018619999999999998,0.5478130503503457,1.4426827410455973,7.0,0.0,1.0,0.0,6.0,3.0,1.7013551231986064,0.7452991774431617,0.0,0.0,2.101292082515058,0.0,3.8191196420175646,0.14637900410386986,35.32070533617561,45.086734110967974,0.9766753087216049,2.0,1.0,20.0,1.1669897475785584,2.15052415993689,0.0,4.0,7.0,15.0,0.0,0.0,4.743851204525726,0.1755971823086514,0.16917394656392526,0.0,14.003084162004399,0.5087852736682161,16.7482907932269,2.93863011169433,17.649490769283727,7.966314073672515,0.40499999999999897,2.299385782556243,1.197584185073119,2.170716768113569,15.7744690355409,0.0349183255775446,-2.545009230823677,1.82686244848981,2.47446800584747,0.0,1.0,0.0,3.59999999998155e-07,-5.824400582537253,7.4627632634544225,1,1,0,1,0
7,3.0,0.0,-23.890826611816102,1.0,3.5928834404132,0.9359574481384545,0.0,0.0,0.0,0.0,1.1182769982993102,0.0,2.58351946334089,-1.2367632389988898,8.429252308276839,0.0,1.0499443744354893,0.0,-1.90342592592592,0.6278718114487405,0.0,12.587298830386679,0.0,0.0,0.0,19.0,-2.042923871762401,-0.7172935262849829,-19.985921262268153,0.0,0.5785723224611574,-0.43421655255834246,0.0,0.0,0.0,-1.19807343013356,29.8333333333333,6.255948021443112,0.20107328549805425,201.42784295536998,1.74582832185514,-3.0799845075047303,2.48260545267489,-0.3540580935254434,0.549193977950091,9.288132713164881,0.863008037612675,1.9335033966319908,-1.19132654126204,49.966749503730604,4.670957485787575,0.0,0.0,1.17611678004535,11.770516887727362,0.0,0.2995880511182427,-1.0317757348976446,4.0,10.253840395813084,0.0,-1.0591347640493298,7.442549787652877,23.003681372365104,0.0,0.29261789326050136,0.04760670616285622,-0.83779100623447,261.22683530907466,5.937201943544311,0.0,0.6032953967662547,0.6510660932445811,54.0,0.5137812692059934,7.381589999999999,0.45498999999999995,-0.6087,0.56604,2.2471699503218043,1.5384587919396586,11.25,-0.018619999999999998,0.5891493793251449,1.6456414928303524,10.0,1.0,3.0,1.0,6.0,3.0,1.5900453232168799,2.5860322871352333,0.0,0.0,0.0,0.0,4.531841336074857,0.014625484422904705,35.32070533617561,44.14438476158446,6.717812488718938,3.0,1.0,20.0,1.0926434389588986,2.15052415993689,0.0,5.0,8.0,12.0,1.0,0.0,4.837192964721028,0.10176437052613102,0.0,0.0,14.003084162004399,0.5264219688919995,16.7482907932269,4.231180310052137,18.548491680604698,20.05007568005345,0.40499999999999897,9.292293203909637,0.9037181362289197,0.13899999999999899,15.7744690355409,0.0349183255775446,-2.88997354525015,1.82686244848981,2.47446800584747,0.078587072776656,1.0,0.0,0.729195675852897,-5.528204821310311,7.620763041189711,1,1,0,1,0
8,0.0,2.0,-23.890826611816102,1.0,3.5928834404132,0.9775188332851179,1.5097619662845763,1.202019260410832,0.0,0.0,1.1182769982993102,2.0,2.58351946334089,-1.2367632389988898,8.429252308276839,0.0,-0.8956301478652873,0.0,-1.90342592592592,1.3975008385041576,0.0,9.06335294013711,0.0,0.0,0.0,7.0,-2.45409785793604,-0.7172935262849829,-21.761653647231103,1.0,0.6512892674621411,0.400251813075831,0.8417944200398,0.0,0.0,-1.19807343013356,88.9022503617264,5.04294029504737,0.1309262375437176,201.42784295536998,1.74582832185514,-3.0799845075047303,2.2513052593212395,-0.3727082833362877,0.4329106232892506,9.288132713164881,0.863008037612675,1.8639142194513054,-1.19132654126204,49.966749503730604,0.10514336250003575,0.0,0.0,1.17611678004535,11.88374885988877,0.0,0.44341742720105426,-0.42110341939313567,4.0,10.197477132069238,0.0,-0.6005440337114516,3.8489048678420144,23.003681372365104,0.0,0.4174025906899053,0.0,-0.9692675409316027,236.6518201635426,5.518360022605728,0.0,0.010365860621631862,0.6475903561482916,70.0,0.49054988662131505,7.381589999999999,0.45498999999999995,-0.6087,0.56604,2.9078770481033533,1.5344106461373528,11.25,-0.018619999999999998,0.6334927468350569,0.17431,6.0,1.0,1.0,0.0,5.0,3.0,1.5635133880217205,3.433897401161826,0.0,0.0,0.0,0.0,4.889522630549047,0.26562702828048035,35.32070533617561,47.980819424737916,5.156153513120476,1.0,0.0,20.0,0.36167575321241135,2.15052415993689,0.0,5.0,10.0,4.0,0.0,0.0,4.91961542363794,0.0,0.21816276424476494,0.0,14.003084162004399,0.48431626476716505,16.7482907932269,3.5775629658390247,15.385190636651076,17.696021590828508,0.40499999999999897,5.268499189165143,1.384041226509796,0.13899999999999899,15.7744690355409,0.0349183255775446,-2.88997354525015,1.82686244848981,2.47446800584747,0.0,1.0,0.0,3.59999999998155e-07,-6.2270741396723714,7.655492293191543,1,1,0,1,0
9,3.0,0.0,-23.890826611816102,1.0,3.5928834404132,0.9775188332851179,1.31397218515934,0.7894878200517891,0.0,0.0,1.1182769982993102,0.0,2.58351946334089,-1.2367632389988898,8.429252308276839,0.0,-1.1901372741771499,0.0,-1.90342592592592,0.8878183065927432,0.0,10.250999933874708,0.0,0.0,0.0,6.0,-2.45409785793604,-0.7172935262849829,-20.22763459254133,1.0,0.5831495124804975,0.3738605728600653,0.0,0.0,0.0,-1.19807343013356,76.08654432579871,5.49743349776309,0.3817637739592332,151.6793105125969,1.74582832185514,-3.0799845075047303,2.3110822568096654,-0.27181220767416725,0.27328151122659644,9.288132713164881,0.863008037612675,1.0321942851655748,-1.19132654126204,49.966749503730604,6.969348299215301,0.0,0.0,1.17611678004535,12.470850049922,0.0,0.47739147031314116,0.09496507944409682,3.0,11.732336442701198,0.0,-1.0591347640493298,0.9504084931815413,23.003681372365104,0.0,0.26511189592261786,0.0,-0.8286515822052601,127.53513357443902,6.061994877609306,0.0,0.5308646134924201,0.762616898994063,65.0,0.49054988662131505,7.381589999999999,0.45498999999999995,-0.6087,0.56604,3.838075480119499,1.5495263245229804,11.25,-0.018619999999999998,0.5121271852359802,1.9514838218257147,7.0,0.0,3.0,0.0,5.0,3.0,1.5301501092961924,2.590209617189367,0.0,0.0,0.0,0.0,4.746313077524543,0.13269806058763628,35.32070533617561,45.63084081131325,5.390320072135952,1.0,1.0,20.0,0.6534604203144764,2.15052415993689,0.0,5.0,11.0,6.0,0.0,0.0,4.7328637258004145,0.081560102159775,0.3422456893007697,0.0,14.003084162004399,0.5150226259487365,16.7482907932269,3.729329700073742,14.232868492045974,30.135355600105324,0.40499999999999897,5.0025739286885536,0.8478729910700752,0.13899999999999899,15.7744690355409,0.0349183255775446,-2.88997354525015,1.82686244848981,2.47446800584747,0.0,1.0,0.0,3.59999999998155e-07,-10.358396605800472,7.697725778759127,1,1,0,1,0
10,2.0,0.0,-23.890826611816102,1.0,3.5928834404132,0.9775188332851179,1.988384456396616,0.1353132833327661,0.0,0.0,1.1182769982993102,0.0,2.58351946334089,-1.2367632389988898,8.429252308276839,0.0,-1.1901372741771499,0.0,-1.90342592592592,0.9420381519898993,0.0,6.143246286770017,0.0,0.0,0.0,7.0,-2.4194859381022713,-0.7172935262849829,-20.316657143211067,1.0,0.5826320797825285,0.28205574483899576,0.0,0.0,0.0,-1.19807343013356,59.87121172917311,6.923114793785737,0.4479296586326836,188.25455857376167,1.74582832185514,-3.0799845075047303,2.4765825672416053,-0.29144614611205355,0.4855295917315732,9.288132713164881,0.863008037612675,1.0204437676068425,-1.19132654126204,49.966749503730604,3.425135796069285,0.09534531782286726,0.0,1.17611678004535,11.946636728162256,0.0,0.5272708946125048,0.42556056949390897,5.0,11.430046114460996,0.0,-1.0591347640493298,4.395696790588895,23.003681372365104,0.0,0.5798227265770839,0.0,-0.9708837935830787,268.3115689263111,7.9256502935973705,0.0,0.0,0.5370019968544033,71.0,0.49054988662131505,7.381589999999999,0.45498999999999995,-0.6087,0.56604,4.0,1.6096222553829103,11.25,-0.018619999999999998,0.4992468465486175,1.5553291064333206,7.0,0.0,2.0,0.0,6.0,3.0,1.6202256726466917,2.261289918373382,0.0,0.0,0.0,0.0,5.04994951620736,0.1576893732383043,35.32070533617561,52.01595937621288,5.127648859399968,2.0,1.0,20.0,0.0,2.15052415993689,0.0,5.0,10.0,10.0,0.0,0.0,4.91961542363794,0.07581208130145656,0.0,0.0,14.003084162004399,0.527629815551988,16.7482907932269,3.8651935030136113,15.349744717217817,22.279865146785014,0.40499999999999897,0.8109999999999999,0.8017435489004882,0.13899999999999899,15.7744690355409,0.0349183255775446,-2.88997354525015,1.82686244848981,2.47446800584747,0.0,1.0,0.0,3.59999999998155e-07,-13.2664499999999,7.7350588728855,1,1,0,1,0
11,3.0,1.0,-23.890826611816102,1.0,3.5928834404132,0.9775188332851179,1.3735957197485122,0.0,0.0,0.0,1.1182769982993102,0.0,2.58351946334089,-1.2367632389988898,8.429252308276839,0.0,-1.143916068101975,0.0,-1.90342592592592,1.0092693609771612,0.0,3.57895408163265,0.0,0.0,0.0,1.0,-2.45409785793604,-0.7172935262849829,-20.55728754045762,0.0,0.668167847540548,0.27612828236309084,0.0,0.0,0.0,-1.19807343013356,70.30235029346957,7.549702545359142,0.48260305662321207,201.42784295536998,1.74582832185514,-3.0799845075047303,2.48260545267489,-0.3218287048919944,0.43201681717562146,9.288132713164881,0.863008037612675,0.5888674998000373,-1.19132654126204,49.966749503730604,4.542394422656524,0.0,0.0,1.17611678004535,11.974074046353676,0.0,0.5846301124594606,0.29780997479016563,3.0,11.732336442701198,0.0,-1.0591347640493298,6.189177007895315,23.003681372365104,0.0,0.6450488780644732,0.0002274524890386832,-0.9631791970051217,313.22637427519714,7.862229520872009,0.0,0.017510529581160485,0.4618229197354768,74.0,0.49054988662131505,7.381589999999999,0.45498999999999995,-0.6087,0.56604,4.0,1.6825599999999998,11.25,-0.018619999999999998,0.47296000000000005,1.4304580856604803,7.0,0.0,2.0,0.0,6.0,3.0,1.710857717124612,2.9522707660008587,0.0,0.0,0.0,0.0,5.04994951620736,0.18100233230623153,35.32070533617561,52.177440588710795,3.375675905333482,2.0,1.0,20.0,0.0,2.15052415993689,0.0,5.0,11.0,8.0,0.0,0.0,4.91961542363794,0.0813724445232295,0.001494454028231576,0.0,14.003084162004399,0.5273598712548639,16.7482907932269,4.266942170892405,14.165418940940883,33.882610008482786,0.40499999999999897,1.572703292863726,0.9988925929458663,0.13899999999999899,15.7744690355409,0.0349183255775446,-2.88997354525015,1.82686244848981,2.47446800584747,0.0,1.0,0.0,3.59999999998155e-07,-13.2664499999999,7.7916834529989485,1,1,0,1,0
12,2.0,0.0,-23.890826611816102,1.0,3.5928834404132,0.9775188332851179,1.705437822305046,0.11588548625578467,0.0,0.0,1.1182769982993102,1.0,2.58351946334089,-1.2367632389988898,8.429252308276839,0.0,-1.1901372741771499,0.0,-1.90342592592592,0.977321348032502,0.0,3.57895408163265,0.0,0.0,0.0,0.0,-2.45409785793604,-0.7172935262849829,-20.119270683463547,1.0,0.4841282726128523,0.37933582814699796,0.0,0.0,0.0,-1.19807343013356,60.76268239307218,7.765662064780766,0.38450143126209635,201.42784295536998,1.74582832185514,-3.0799845075047303,2.48260545267489,-0.3059959452447138,0.4795278851480256,9.288132713164881,0.863008037612675,0.38854609983348987,-1.19132654126204,49.966749503730604,5.283468384765209,0.0,0.0,1.1662553860227047,11.984179775748677,0.0,0.5116463914620435,1.1394212867310702,5.0,11.442583461727931,0.0,-1.0591347640493298,1.3575149900031642,23.003681372365104,0.0,0.7337372116634218,0.0,-1.2731402003796175,295.03167436708804,7.9256502935973705,0.0,0.0,0.46126344700943867,82.0,0.49054988662131505,7.381589999999999,0.45498999999999995,-0.6087,0.56604,4.0,1.6085560052263335,11.25,-0.018619999999999998,0.47296000000000005,2.1224080617591308,8.0,1.0,2.0,0.0,5.0,3.0,1.8342036893000602,0.6126125126604646,0.0,0.0,0.0,0.0,5.04994951620736,0.20344127161129488,35.32070533617561,47.14420240561663,3.4916728207805896,2.0,1.0,20.0,0.37287342620954356,2.15052415993689,0.0,5.0,11.0,6.0,0.0,0.0,4.91961542363794,0.09656127185707435,0.08579203146494525,0.0,14.003084162004399,0.527629815551988,16.7482907932269,3.856642595448588,16.574200135031443,28.8171403481101,0.40499999999999897,0.8109999999999999,0.5815786844313806,0.13899999999999899,15.7744690355409,0.0349183255775446,-2.88997354525015,1.82686244848981,2.47446800584747,0.0,1.0,0.0,3.59999999998155e-07,-13.2664499999999,7.813898586944678,1,1,0,1,0
13,2.0,0.0,-23.890826611816102,1.0,3.5928834404132,0.9775188332851179,2.0408481707834087,0.0,0.0,0.0,1.1182769982993102,0.0,2.58351946334089,-1.2367632389988898,8.429252308276839,0.0,-1.1901372741771499,0.0,-1.90342592592592,0.9816768532785318,0.0,3.57895408163265,0.0,0.0,0.0,3.0,-2.45409785793604,-0.7172935262849829,-20.38745006466949,1.0,0.5615059246646539,0.3905363502332371,0.0,0.0,0.0,-1.19807343013356,44.40795524815472,6.963153074135972,0.6019346420204519,201.42784295536998,1.74582832185514,-3.0799845075047303,2.48260545267489,-0.2976671302659097,0.2935031840037234,9.288132713164881,0.863008037612675,0.12066886414673783,-1.19132654126204,49.966749503730604,4.264617671187522,0.0,0.0,1.17611678004535,12.12632340253261,0.0,0.46689034425428083,1.37812216553288,4.0,11.409975602353205,0.0,-1.0591347640493298,3.013452525950074,23.003681372365104,0.0,0.767571445624977,0.0,-1.1716296510719653,231.69254492850655,7.9256502935973705,0.0,0.0,0.4740076034656697,83.0,0.49054988662131505,7.381589999999999,0.45498999999999995,-0.6087,0.56604,4.0,1.661128450296058,11.25,-0.018619999999999998,0.47296000000000005,2.129672991301517,9.0,1.0,1.0,0.0,5.0,3.0,1.419200725377762,1.4075044562952883,0.0,0.0,0.0,0.0,5.04994951620736,0.11519714309364673,35.32070533617561,47.72267417031342,4.969856992251359,1.0,1.0,20.0,0.19234816727161697,2.15052415993689,0.0,5.0,12.0,5.0,0.0,0.0,4.91961542363794,0.11143514356627793,0.022106709757507618,0.0,14.003084162004399,0.527629815551988,16.7482907932269,3.980758285299787,15.528525290671649,29.130073995359062,0.40499999999999897,1.330026232535277,0.5806759414232974,0.13899999999999899,15.7744690355409,0.0349183255775446,-2.88997354525015,1.82686244848981,2.47446800584747,0.0,1.0,0.0,3.59999999998155e-07,-13.2664499999999,7.820835873840239,1,1,0,1,0
14,2.0,0.0,-23.890826611816102,0.0,3.5928834404132,0.9775188332851179,1.6845530685539742,0.15233898591614292,0.0,0.0,1.1182769982993102,1.0,2.58351946334089,-1.2367632389988898,8.429252308276839,0.0,-1.0897994098679693,0.0,-1.90342592592592,1.0281171717388253,0.0,4.718053395789606,0.0,0.0,0.0,2.0,-2.45409785793604,-0.7172935262849829,-20.131706537891297,1.0,0.6570682024901142,-0.16086364491739766,0.0,0.0,0.0,-1.19807343013356,37.06071563139106,6.858245808195923,0.17644001897678063,201.42784295536998,1.74582832185514,-3.0799845075047303,2.48260545267489,-0.3827328000981949,0.44008807996935667,9.288132713164881,0.863008037612675,0.041108262326595035,-1.19132654126204,49.966749503730604,4.758305266918873,0.0,0.0,1.17611678004535,12.12890226674326,0.0,0.5214843372652469,1.2486554804839651,4.0,11.348582975271881,0.0,-1.0591347640493298,0.43254700337374796,23.003681372365104,0.0,0.78205316419337,0.0,-1.1878423886346934,322.9057999170193,7.9256502935973705,0.0,0.0,0.45852057187939804,80.0,0.49054988662131505,7.381589999999999,0.45498999999999995,-0.6087,0.56604,4.0,1.615210292457276,13.190483317933074,-0.018619999999999998,0.47296000000000005,1.89461315251592,8.0,1.0,2.0,1.0,5.0,3.0,1.9191797973516298,0.48957802902922065,0.0,0.0,0.0,0.0,5.04994951620736,0.2495740406564547,35.32070533617561,47.388897539608536,0.9766753087216049,2.0,1.0,20.0,0.27446386630368036,2.15052415993689,0.0,5.0,11.0,1.0,1.0,0.0,4.91961542363794,0.10495254966796165,0.013343407885664935,0.0,14.003084162004399,0.5265170682736988,16.7482907932269,4.293475151660937,15.990672966046931,32.96222528836023,0.40499999999999897,1.8357238231142865,1.1985779711477942,0.13899999999999899,15.7744690355409,0.0349183255775446,-2.88997354525015,1.82686244848981,2.47446800584747,0.0,1.0,0.0,3.59999999998155e-07,-13.191898936628434,7.861257787453283,1,1,0,1,0
15,2.0,0.0,-23.890826611816102,0.0,3.5928834404132,0.9775188332851179,2.1599897493460043,0.07097428588484715,0.0,0.0,1.1182769982993102,1.0,2.58351946334089,-1.2367632389988898,8.429252308276839,0.0,-1.1277677257314034,0.0,-1.90342592592592,1.0704999705837799,0.0,5.39495457413904,0.0,0.0,0.0,2.0,-2.45409785793604,-0.7172935262849829,-20.246818635471467,1.0,0.6707689708822153,0.0386810884345869,0.0,0.0,0.0,-1.19807343013356,36.75754898217088,6.748941361999008,0.15274016384060532,201.42784295536998,1.74582832185514,-3.0799845075047303,2.4135855769725145,-0.3129357363066091,0.4293800077587047,9.288132713164881,0.863008037612675,0.0,-1.19132654126204,49.966749503730604,4.514796996255422,0.0,0.0,1.17611678004535,12.160816349061655,0.0,0.4857460641052988,1.284621911328516,5.0,11.591701105217409,0.0,-1.0591347640493298,0.9027608450062747,23.003681372365104,0.0,0.7892419515058849,0.0,-1.1616532408532732,313.0496472923756,7.9256502935973705,0.0,0.0,0.4555503500373377,80.0,0.49054988662131505,7.381589999999999,0.45498999999999995,-0.6087,0.56604,4.0,1.5825294121217852,12.606403466370788,-0.018619999999999998,0.47296000000000005,2.199604719209697,9.0,1.0,1.0,1.0,5.0,3.0,1.5050707656324849,1.1847449704228978,0.0,0.0,0.0,0.0,5.04994951620736,0.29543438488803064,35.32070533617561,47.82278353084305,2.450208289429938,2.0,1.0,20.0,0.06006410648102023,2.15052415993689,0.0,5.0,12.0,4.0,1.0,0.0,4.91961542363794,0.11569129130322336,0.018404393509666092,0.0,14.003084162004399,0.527629815551988,16.7482907932269,4.288699159153801,16.56834627011374,34.18083539214775,0.40499999999999897,1.1817966298894358,1.1108656619282926,0.13899999999999899,15.7744690355409,0.0349183255775446,-2.88997354525015,1.82686244848981,2.47446800584747,0.0,1.0,0.0,3.59999999998155e-07,-13.2664499999999,7.888400694889299,1,1,0,1,0
16,2.0,0.0,-23.890826611816102,0.0,3.5928834404132,0.9775188332851179,2.3993644394585947,0.03062786005322713,0.0,0.0,1.1182769982993102,1.0,2.58351946334089,-1.2367632389988898,8.429252308276839,0.0,-1.1284833755124324,0.0,-1.90342592592592,1.0555051142919645,0.0,4.643711251305955,0.0,0.0,0.0,1.0,-2.45409785793604,-0.7172935262849829,-20.262574791131282,1.0,0.6245861694529264,0.12184111908834727,0.0,0.0,0.0,-1.19807343013356,34.598013971012314,6.3944158149289,0.2473059356568964,201.42784295536998,1.74582832185514,-3.0799845075047303,2.360726590684071,-0.26779949910584167,0.36705559101014607,9.288132713164881,0.863008037612675,0.0,-1.19132654126204,49.966749503730604,4.6932997589523335,0.0,0.0,1.17611678004535,12.157287953858251,0.0,0.5120146745480226,1.2738792359651663,4.0,11.556039515664606,0.0,-1.0591347640493298,1.7340042368241697,23.003681372365104,0.0,0.7892419515058849,0.0,-1.1555667462534753,279.3638359306108,7.9256502935973705,0.0,0.0,0.46441797445574606,79.0,0.49054988662131505,7.381589999999999,0.45498999999999995,-0.6087,0.56604,4.0,1.5039913582811129,12.861586697512273,-0.018619999999999998,0.47296000000000005,2.324462429797294,9.0,1.0,1.0,0.0,5.0,3.0,1.5123164216375133,1.1845638883031153,0.0,0.0,0.0,0.0,5.04994951620736,0.28252806354150867,35.32070533617561,48.75985227312139,2.1770075970830236,2.0,1.0,20.0,0.0,2.15052415993689,0.0,5.0,11.0,4.0,1.0,0.0,4.91961542363794,0.12371379084658742,0.01704869734018876,0.0,14.003084162004399,0.527629815551988,16.7482907932269,4.314512582603112,16.66242189917848,35.706976172969874,0.40499999999999897,1.3832701291696234,1.0745730809432823,0.13899999999999899,15.7744690355409,0.0349183255775446,-2.88997354525015,1.82686244848981,2.47446800584747,0.0,1.0,0.0,3.59999999998155e-07,-13.2664499999999,7.889572195944211,1,1,0,1,0
17,3.0,1.0,-23.890826611816102,1.0,3.5928834404132,0.9775188332851179,2.2599067674499977,0.06353902672659945,0.0,0.0,1.1182769982993102,0.0,2.58351946334089,-1.2367632389988898,8.429252308276839,0.0,-1.1154321276179275,0.0,-1.90342592592592,1.043045378154255,0.0,5.2365047121865125,0.0,0.0,0.0,1.0,-2.45409785793604,-0.7172935262849829,-20.04024143419263,0.0,0.5974614301867062,-0.7951354467484157,0.0,0.0,0.0,-1.19807343013356,30.81060327055343,6.7593857237194035,0.23139870424891512,201.42784295536998,1.74582832185514,-3.0799845075047303,2.4109487222209247,-0.2829015960356801,0.3693480108880557,9.288132713164881,0.863008037612675,0.0,-1.19132654126204,49.966749503730604,3.9914702940449933,0.0,0.0,1.17611678004535,12.14139394691198,0.0,0.5129154017818474,1.37812216553288,5.0,11.732336442701198,0.0,-1.0591347640493298,6.124464589754509,23.003681372365104,0.0,0.7892419515058849,0.0,-0.9989031298932631,299.556444383671,7.9256502935973705,0.0,0.0039489434665280106,0.4618776808730713,79.0,0.49054988662131505,7.381589999999999,0.45498999999999995,-0.6087,0.56604,4.0,1.5610538007990358,12.822589678064402,-0.018619999999999998,0.47296000000000005,1.3305010886129742,9.0,1.0,2.0,0.0,5.0,3.0,1.5655362395595684,0.0,0.0,0.0,0.0,0.0,5.04994951620736,0.2291008871209136,35.32070533617561,50.206486076744056,0.9766753087216049,2.0,1.0,20.0,0.04130965436322501,2.15052415993689,0.0,5.0,12.0,6.0,0.0,0.0,4.91961542363794,0.14830241181029735,0.027170972292502593,0.0,14.003084162004399,0.527629815551988,16.7482907932269,4.377182036650041,18.05938940070815,36.092630287975624,0.40499999999999897,1.341858038749248,1.1101359248083658,0.13899999999999899,15.7744690355409,0.0349183255775446,-2.88997354525015,1.82686244848981,2.47446800584747,0.0,1.0,0.0,3.59999999998155e-07,-13.2664499999999,7.892740113068156,1,1,0,1,0
18,2.0,0.0,-23.890826611816102,1.0,3.5928834404132,0.9775188332851179,2.2297737759549023,0.01785351705785818,0.0,0.0,1.1182769982993102,1.0,2.58351946334089,-1.2367632389988898,8.429252308276839,0.0,-1.113781804976865,0.0,-1.90342592592592,1.0871498108326407,0.0,5.228010584446011,0.0,0.0,0.0,2.0,-2.45409785793604,-0.7172935262849829,-19.96816916168147,0.0,0.6323880034358904,-0.2794787108690231,0.0,0.0,0.0,-1.19807343013356,35.034599932453766,6.66697858276584,0.37840584167736024,201.42784295536998,1.74582832185514,-3.0799845075047303,2.3977618512652024,-0.2576117251588744,0.3322879811097171,9.288132713164881,0.863008037612675,0.0,-1.19132654126204,49.966749503730604,4.533533214629523,0.0,0.0,1.17611678004535,12.120023387154179,0.0,0.5113824061751194,1.37812216553288,5.0,11.713999973227795,0.0,-1.0591347640493298,1.7563436065857463,23.003681372365104,0.0,0.7892419515058849,0.0,-1.0978017533512925,314.32354600997587,7.9256502935973705,0.0,0.0,0.4635840018460258,80.0,0.49054988662131505,7.381589999999999,0.45498999999999995,-0.6087,0.56604,4.0,1.5517906015324765,12.121331895226563,-0.018619999999999998,0.47296000000000005,1.4374398598091958,8.0,1.0,2.0,0.0,5.0,3.0,1.6264009315976733,0.47437822795792706,0.0,0.0,0.0,0.0,5.04994951620736,0.24058042574460572,35.32070533617561,47.87406416509812,0.9766753087216049,2.0,1.0,20.0,0.0,2.15052415993689,0.0,5.0,11.0,5.0,1.0,0.0,4.91961542363794,0.11186923821451084,0.027270508834961203,0.0,14.003084162004399,0.527629815551988,16.7482907932269,4.425911664559396,17.579823740632513,35.6354014820505,0.40499999999999897,1.4098378090245844,1.127870647371958,0.13899999999999899,15.7744690355409,0.0349183255775446,-2.88997354525015,1.82686244848981,2.47446800584747,0.0,1.0,0.0,3.59999999998155e-07,-13.2664499999999,7.89631256941254,1,1,0,1,0
19,2.0,0.0,-23.890826611816102,1.0,3.5928834404132,0.9775188332851179,2.1652601357406325,0.0003814502718787992,0.0,0.0,1.1182769982993102,1.0,2.58351946334089,-1.2367632389988898,8.429252308276839,0.0,-1.115623288460405,0.0,-1.90342592592592,0.9770577334204215,0.0,4.777478436107047,0.0,0.0,0.0,2.0,-2.45409785793604,-0.7172935262849829,-20.065534439740844,0.0,0.49160599202132665,-0.35665082997005615,0.0,0.0,0.0,-1.19807343013356,30.22635263741619,6.671306613985549,0.3816812944590483,201.42784295536998,1.74582832185514,-3.0799845075047303,2.3889818966570804,-0.2520729654211989,0.2594520578599151,9.288132713164881,0.863008037612675,0.0,-1.19132654126204,49.966749503730604,4.529912539511852,0.0,0.0,1.17611678004535,12.123595332740814,0.0,0.5183063431576419,1.37812216553288,5.0,11.732336442701198,0.0,-1.0591347640493298,2.4916698094475507,23.003681372365104,0.0,0.7892419515058849,0.0,-1.0680686855199122,318.84606885046713,7.9256502935973705,0.0,0.00025589004877846775,0.4655017114875264,80.0,0.49054988662131505,7.381589999999999,0.45498999999999995,-0.6087,0.56604,4.0,1.5340462231573826,14.48313118961834,-0.018619999999999998,0.47296000000000005,1.0892055640416536,9.0,1.0,1.0,1.0,5.0,3.0,1.6339725261416076,0.0,0.0,0.0,0.0,0.0,5.04994951620736,0.22079020686610246,35.32070533617561,48.82549678491729,3.0538615732762384,2.0,1.0,20.0,0.002223503979167882,2.15052415993689,0.0,5.0,11.0,5.0,1.0,0.0,4.91961542363794,0.139131898318831,0.034918033736457244,0.0,14.003084162004399,0.527629815551988,16.7482907932269,4.464528110024845,18.266655710676137,36.2401529217074,0.40499999999999897,1.4656636112814696,1.1153618979860802,0.13899999999999899,15.7744690355409,0.0349183255775446,-2.88997354525015,1.82686244848981,2.47446800584747,0.0,1.0,0.0,3.59999999998155e-07,-13.2664499999999,7.900384910939465,1,1,0,1,0
20,2.0,0.0,-23.890826611816102,1.0,3.5928834404132,0.9775188332851179,1.3443904173174523,0.0,0.0,0.0,1.1182769982993102,1.0,2.5679565965691116,-1.2367632389988898,8.429252308276839,0.0,-1.1901372741771499,0.0,-1.90342592592592,0.9671639272025627,-0.0002408542072624871,3.57895408163265,0.07455652644061683,0.0,0.0,2.0,-2.45409785793604,-0.7172935262849829,-19.229762013086262,1.0,0.4950975293788878,-0.4682461387116573,0.0,0.0,0.0,-1.19807343013356,29.8333333333333,7.116220960791207,0.762616898994063,163.5061931861392,1.6212304060028402,-3.0799845075047303,1.970953582690077,-0.38279876638826943,0.1737444175332737,9.288132713164881,0.863008037612675,0.19612201051787376,-1.19132654126204,49.966749503730604,4.1759251831955115,0.0,0.0,1.17611678004535,12.387621532003863,0.0,0.5340805249949316,1.37812216553288,5.0,11.732336442701198,0.0,-1.0591347640493298,11.175446146028184,23.003681372365104,0.0,0.7892419515058849,0.0,-1.1358294440780348,326.9833177582129,7.9256502935973705,0.0,0.0005770641038957228,0.41715818392382525,80.0,0.49054988662131505,7.381589999999999,0.45498999999999995,-0.5869189637155986,0.56604,4.0,1.5358121022335223,14.621953439617435,-0.018619999999999998,0.47296000000000005,1.4667814417035991,8.0,1.0,1.0,1.0,5.0,3.0,1.6314288677919766,0.33034773973999887,0.0,0.0,0.3169582557202293,0.0,4.437114203334931,0.19346142274409184,35.32070533617561,54.020151061883496,1.4457780660554143,1.0,2.0,20.0,0.03860293390226913,2.15052415993689,0.0,5.0,11.0,4.0,1.0,0.0,4.371965740959387,0.1405921998536541,0.0,0.0,14.003084162004399,0.525531126350787,16.117840244342183,4.476304674689072,16.08520016907915,36.2401529217074,0.40499999999999897,1.5664739202141142,1.088944758959976,0.13899999999999899,15.7744690355409,0.0349183255775446,-2.772035533180388,1.82686244848981,2.9589526515383984,4.204830868529124,1.0,0.0,3.59999999998155e-07,-13.2664499999999,7.927853649900884,1,1,0,1,0
21,2.0,0.0,-23.890826611816102,1.0,3.5928834404132,0.9775188332851179,2.041347672967347,0.0015340872324822344,0.0,0.0,1.1182769982993102,1.0,2.583022489262519,-1.2367632389988898,8.429252308276839,0.0,-1.1328823425905261,0.0,-1.90342592592592,0.8435656002555054,0.0,3.833661803586641,0.017151461685356806,0.0,0.0,2.0,-2.45409785793604,-0.7172935262849829,-18.545676225396154,0.0,0.4491593476387343,-0.43657957756158994,0.0,0.0,0.0,-1.19807343013356,31.175646346039773,6.765803830040393,0.5258850475658238,198.52773633878877,1.7235924135397904,-3.0799845075047303,1.942883112695656,-0.3227816344993395,0.22497630495368132,9.288132713164881,0.863008037612675,0.05666918806265385,-1.19132654126204,49.966749503730604,4.3629204102986305,0.0,0.0,1.17611678004535,12.207895210139101,0.0,0.530429978706998,1.37812216553288,5.0,11.718312082687286,0.0,-1.0591347640493298,6.581182402619788,23.003681372365104,0.0,0.7892419515058849,0.0,-1.0897009705760887,316.418628811268,7.9256502935973705,0.0,0.0,0.45993026625145106,80.0,0.49054988662131505,7.381589999999999,0.45498999999999995,-0.5844393606359207,0.56604,4.0,1.5526943333635352,13.757252454539538,-0.018619999999999998,0.47296000000000005,1.0572990707110013,8.0,1.0,1.0,1.0,5.0,3.0,1.748605892499404,0.22700254510394668,0.0,0.0,0.004980263129941393,0.0,4.747668818791357,0.19155555785167017,35.32070533617561,50.11869160695529,2.6080535650199197,2.0,1.0,20.0,0.02916654261583425,2.15052415993689,0.0,5.0,11.0,5.0,1.0,0.0,4.341029287598045,0.13129330797658922,0.0,0.0,14.003084162004399,0.5253657460504334,16.680552694401175,4.439099924593932,16.019086216490138,36.08796769054366,0.40499999999999897,1.4893974019622829,1.090154908692291,0.13899999999999899,15.7744690355409,0.0349183255775446,-2.755748862212946,1.82686244848981,2.47446800584747,3.6377130848884898,1.0,0.0,3.59999999998155e-07,-13.2664499999999,8.119418244106017,1,1,0,1,0
22,2.0,0.0,-23.890826611816102,1.0,3.5928834404132,0.9775188332851179,0.9067658138737203,0.0,0.0,0.0,1.1182769982993102,1.0,2.58330516447669,-1.2367632389988898,8.429252308276839,0.0,-1.1506533757163595,0.0,-1.90342592592592,0.9525631037031549,0.0,3.57895408163265,0.015933108376562234,0.0,0.0,2.0,-2.45409785793604,-0.7172935262849829,-17.587903913417925,0.0,0.520648643210782,-0.4888473701917376,0.0,0.0,0.0,-1.19807343013356,29.8333333333333,6.909585134744,0.6861776483714769,191.44573066901478,1.5686256754083594,-3.0799845075047303,2.003297270997955,-0.4059178978484807,0.15119495017488516,9.288132713164881,0.863008037612675,0.17362993859870074,-1.19132654126204,49.966749503730604,2.8987118741572564,0.0,0.0,1.17611678004535,12.347740560866292,0.0,0.5178171994212832,1.37812216553288,4.0,11.732336442701198,0.0,-1.0591347640493298,11.373414728031099,23.003681372365104,0.0,0.7892419515058849,0.0,-1.0714357435944704,304.71802583761803,7.9256502935973705,0.0,0.0,0.4725921410877949,80.0,0.49054988662131505,7.381589999999999,0.45498999999999995,-0.5838275928129334,0.56604,4.0,1.59144632010872,13.36334349391194,-0.018619999999999998,0.47296000000000005,1.0246769593434455,9.0,1.0,1.0,0.0,5.0,3.0,1.698239045450454,0.3511331230717101,0.0,0.0,0.4143280514614702,0.0,4.475559016232233,0.1476963155512364,35.32070533617561,54.020151061883496,2.0341003390267005,2.0,1.0,20.0,0.021213702722425606,2.15052415993689,0.0,5.0,11.0,5.0,1.0,0.0,4.035192469928029,0.1268935577404945,0.013902726018049445,0.0,14.003084162004399,0.5255251823338782,16.30316636577831,4.500766670635288,16.27376918767808,36.2401529217074,0.40499999999999897,1.678122484190195,1.0755841884414419,0.13899999999999899,15.7744690355409,0.0349183255775446,-2.7040078335389,1.82686244848981,2.9435490966407842,7.276574628942667,1.0,0.0,3.59999999998155e-07,-13.2664499999999,8.211065998847847,1,1,0,1,0
23,2.0,0.0,-23.890826611816102,1.0,3.5928834404132,0.9775188332851179,0.28905196733934085,0.0,0.0,0.0,1.1182769982993102,1.0,2.583145232577851,-1.2367632389988898,8.429252308276839,0.0,-1.1722560648466347,0.0,-1.90342592592592,0.9556682212544505,0.0,3.57895408163265,0.01801810307061097,0.0,0.0,2.0,-2.45409785793604,-0.7172935262849829,-16.9597705926234,0.0,0.4506608990908498,-0.4692462126311634,0.0,0.0,0.0,-1.19807343013356,29.8333333333333,7.026260138362349,0.7609941751461509,196.38637972939608,1.590834411034099,-3.0799845075047303,1.9837656765522726,-0.41147445741082495,0.18779846925717078,9.288132713164881,0.863008037612675,0.20535387616884404,-1.19132654126204,49.966749503730604,3.5381601291287192,0.0,0.0,1.17611678004535,12.308713153112167,0.0,0.5317199970717402,1.37812216553288,5.0,11.732336442701198,0.0,-1.0591347640493298,10.932538896658295,23.003681372365104,0.0,0.7892419515058849,0.0,-1.1279454350653746,277.8691593417344,7.9256502935973705,0.0,0.0,0.46532475925863886,80.0,0.49054988662131505,7.381589999999999,0.45498999999999995,-0.5717450422568365,0.56604,4.0,1.5582942192198235,13.436627973542608,-0.018619999999999998,0.47296000000000005,1.7229107041232086,9.0,1.0,2.0,1.0,5.0,3.0,1.7492535349918474,0.4114540550517548,0.0,0.0,0.35777724663454624,0.0,4.413661261505698,0.13573572603801554,35.32070533617561,53.91638143927884,1.3416820171373365,1.0,1.0,20.0,0.024139639028020868,2.15052415993689,0.0,5.0,11.0,5.0,1.0,0.0,4.116146544245402,0.12897827314951424,0.0,0.0,14.003084162004399,0.5238081179586634,16.224193139694226,4.54369665213873,14.15094959250246,36.2401529217074,0.40499999999999897,1.546001585769157,1.074110245166977,0.13899999999999899,15.7744690355409,0.0349183255775446,-2.7935203708855947,1.82686244848981,2.6428534748657326,8.362784650121629,1.0,0.0,3.59999999998155e-07,-13.2664499999999,8.272031286806254,1,1,0,1,0
24,2.0,0.0,-23.890826611816102,1.0,3.5928834404132,0.9775188332851179,0.058681693038165283,0.0,0.0,0.0,1.1182769982993102,1.0,2.58351946334089,-1.2367632389988898,8.429252308276839,0.0,-1.1776159174289873,0.0,-1.90342592592592,0.9867563075989566,0.0,3.57895408163265,0.0,0.0,0.0,2.0,-2.45409785793604,-0.7172935262849829,-17.248575540883152,0.0,0.40453964875678905,-0.4095785032432375,0.0,0.0,0.0,-1.19807343013356,29.8333333333333,6.996363721840121,0.762616898994063,196.5571927307521,1.6216387680653903,-3.0799845075047303,1.9892971555354348,-0.48225570854317584,0.21683315238574155,9.288132713164881,0.863008037612675,0.27550383601115397,-1.19132654126204,49.966749503730604,3.228214861235431,0.0,0.0,1.17611678004535,12.42407632632412,0.0,0.5150204239251908,1.37812216553288,5.0,11.732336442701198,0.0,-1.0591347640493298,9.5823012877773,23.003681372365104,0.0,0.7892419515058849,0.0,-1.131545491991476,272.19101809849275,7.9256502935973705,0.0,0.0,0.45526514560401826,80.0,0.49054988662131505,7.381589999999999,0.45498999999999995,-0.5673576806851025,0.56604,4.0,1.6450948864305022,12.997527423683218,-0.018619999999999998,0.47296000000000005,2.0336168192244366,9.0,1.0,2.0,1.0,5.0,3.0,1.75470062126785,0.6668620608232698,0.0,0.0,0.578594460242781,0.0,4.344170508181029,0.13769473005368194,35.32070533617561,51.14081514122845,0.9766753087216049,2.0,1.0,20.0,0.021689546915537795,2.15052415993689,0.0,5.0,11.0,5.0,1.0,0.0,3.986155465932639,0.12107289066270854,0.0,0.0,14.003084162004399,0.5232392799108991,15.98438495305746,4.558369716008097,12.765546588252887,36.2401529217074,0.40499999999999897,1.7548090522139064,1.104915930766113,0.13899999999999899,15.7744690355409,0.0349183255775446,-2.7646498431477236,1.82686244848981,2.7814038878953857,9.359752550457427,1.0,0.0,3.59999999998155e-07,-13.2664499999999,8.289658311405422,1,1,0,1,0
25,2.0,0.0,-23.890826611816102,1.0,3.5928834404132,0.9775188332851179,0.0,0.0,0.0,0.0,1.1182769982993102,1.0,2.58351946334089,-1.2367632389988898,8.429252308276839,0.0,-1.1863352224130796,0.0,-1.90342592592592,1.023494065991862,0.0,3.57895408163265,0.01923284892501664,0.0,0.0,2.0,-2.45409785793604,-0.7172935262849829,-17.638031566314144,0.0,0.44772056518055403,-0.23343083498439346,0.0,0.0,0.0,-1.19807343013356,29.8333333333333,7.273228331030806,0.762616898994063,197.02748811265326,1.6660599240936733,-3.0799845075047303,2.0593503529385875,-0.367809498730521,0.1637844691444681,9.288132713164881,0.863008037612675,0.2744118345802275,-1.19132654126204,49.966749503730604,3.2203953353324626,0.0,0.0,1.17611678004535,12.30730651618538,0.0,0.521414866528935,1.37812216553288,4.0,11.732336442701198,0.0,-1.0591347640493298,11.373414728031099,23.003681372365104,0.0,0.7892419515058849,0.0,-1.32758054610733,277.39122852789444,7.9256502935973705,0.0,0.0,0.46158349242439506,80.0,0.49054988662131505,7.381589999999999,0.45498999999999995,-0.5728024491330256,0.56604,4.0,1.5039546242911022,15.609379728544674,-0.018619999999999998,0.47296000000000005,1.7576160998534591,9.0,1.0,1.0,0.0,5.0,3.0,1.747872218603301,0.3084228827128287,0.0,0.0,0.5658681947266729,0.0,4.416706854455948,0.12940806976583175,35.32070533617561,51.121062587051995,0.983490662222507,2.0,1.0,20.0,0.016109300801420454,2.15052415993689,0.0,5.0,11.0,5.0,1.0,0.0,4.269147090374002,0.14068282339181906,0.0,0.0,14.003084162004399,0.5224856694117244,16.043991991759455,4.5849765706453605,12.704834569251384,36.2401529217074,0.40499999999999897,1.6495386239578211,1.1226734593338048,0.13899999999999899,15.7744690355409,0.0349183255775446,-2.817164578834571,1.82686244848981,2.5057084515007464,8.459654780660111,1.0,0.0,3.59999999998155e-07,-13.2664499999999,8.313119280055448,1,1,0,1,0
26,3.0,0.0,-23.890826611816102,1.0,3.5928834404132,0.9775188332851179,0.1146999993190698,0.0,0.0,0.0,1.1182769982993102,0.0,2.58351946334089,-1.2367632389988898,8.429252308276839,0.0,-1.1901372741771499,0.0,-1.90342592592592,0.9762211168508458,0.0,3.57895408163265,0.018604010375918804,0.0,0.0,2.0,-2.45409785793604,-0.7172935262849829,-18.2201762507229,1.0,0.4551495517480791,0.06624430484519817,0.0,0.0,0.0,-1.19807343013356,29.8333333333333,7.2571822026414905,0.762616898994063,201.42784295536998,1.6596804671029102,-3.0799845075047303,2.02127189318261,-0.46564703708834926,0.1484742215200593,9.288132713164881,0.863008037612675,0.2581100995889986,-1.19132654126204,49.966749503730604,3.252101073332526,0.0,0.0,1.17611678004535,12.300791078058671,0.0,0.5225117964221938,1.37812216553288,5.0,11.732336442701198,0.0,-1.0591347640493298,11.373414728031099,23.003681372365104,0.0,0.7892419515058849,0.0,-1.31688454692797,259.8712851441707,7.9256502935973705,0.0,0.0,0.45852947050103193,79.0,0.49054988662131505,7.381589999999999,0.45498999999999995,-0.5632015402739301,0.56604,4.0,1.5778644005609281,14.748098432791819,-0.018619999999999998,0.47296000000000005,1.8681813322789687,9.0,1.0,2.0,1.0,5.0,3.0,1.748777354533374,0.2748930188454205,0.0,0.0,0.41070108762195884,0.0,4.436721052184048,0.13368677822357372,35.32070533617561,51.1792057959684,0.9766753087216049,2.0,2.0,20.0,0.0054378798466232225,2.15052415993689,0.0,5.0,11.0,5.0,1.0,0.0,4.2446227351664385,0.1427415175392881,0.0,0.0,14.003084162004399,0.5224407922832419,16.097497516953453,4.576058918937464,12.66482020537986,36.2401529217074,0.40499999999999897,1.8860875721280552,1.1168418365506139,0.13899999999999899,15.7744690355409,0.0349183255775446,-2.8021493286816304,1.82686244848981,2.7209708341706382,8.608101336663712,1.0,0.0,3.59999999998155e-07,-13.2664499999999,8.31407613009398,1,1,0,1,0
27,3.0,0.0,-23.890826611816102,1.0,3.5928834404132,0.9775188332851179,0.10734401521000515,0.0,0.0,0.0,1.1182769982993102,0.0,2.58351946334089,-1.2367632389988898,8.429252308276839,0.0,-1.1901372741771499,0.0,-1.90342592592592,0.9839444734250681,0.0,3.57895408163265,0.01807318932959866,0.0,0.0,2.0,-2.45409785793604,-0.7172935262849829,-18.85896838967785,1.0,0.6096331908521999,0.8251939137332793,0.0,0.0,0.0,-1.19807343013356,29.8333333333333,7.380097322557858,0.762616898994063,201.42784295536998,1.6757533180520017,-3.0799845075047303,2.0175771922497225,-0.46580832816071477,0.16162902978584678,9.288132713164881,0.863008037612675,0.2843382432773575,-1.19132654126204,49.966749503730604,3.244203539810532,0.0,0.0,1.17611678004535,12.303759774698552,0.0,0.52237428929765,1.37812216553288,5.0,11.732336442701198,0.0,-1.0591347640493298,11.373414728031099,23.003681372365104,0.0,0.7892419515058849,0.0,-1.32758054610733,266.8040463440697,7.9256502935973705,0.0,0.0,0.46249505295564103,79.0,0.49054988662131505,7.381589999999999,0.45498999999999995,-0.5662296976262824,0.56604,4.0,1.5346388315890003,14.76228703686941,-0.018619999999999998,0.47296000000000005,3.368782546801758,9.0,1.0,2.0,1.0,5.0,3.0,1.7442335402312428,0.0,0.0,0.0,0.4183199431331062,0.0,4.437674477375835,0.1327516542157252,35.32070533617561,50.82952767470538,0.9766753087216049,2.0,2.0,20.0,0.0,2.15052415993689,0.0,5.0,11.0,5.0,1.0,0.0,4.245594647697854,0.13989443870029838,0.0,0.0,14.003084162004399,0.5219568281765847,16.093145487547186,4.552015582330422,12.486693944933355,36.2401529217074,0.40499999999999897,1.8927744369743817,1.1152848821238264,0.13899999999999899,15.7744690355409,0.0349183255775446,-2.787597025571482,1.82686244848981,2.703940963676325,8.354687346244742,1.0,0.0,3.59999999998155e-07,-13.2664499999999,8.321430727724545,1,1,0,1,0
28,3.0,0.0,-23.890826611816102,1.0,3.5928834404132,0.9775188332851179,0.10391943416274317,0.0,0.0,0.0,1.1182769982993102,0.0,2.58351946334089,-1.2367632389988898,8.429252308276839,0.0,-1.1901372741771499,0.0,-1.90342592592592,0.9962066110286653,0.0,3.57895408163265,0.018826420523845096,0.0,0.0,2.0,-2.45409785793604,-0.7172935262849829,-19.02693804606,1.0,0.5761564343470136,0.8486107267164006,0.0,0.0,0.0,-1.19807343013356,29.8333333333333,7.420779275324322,0.762616898994063,201.42784295536998,1.675655671743385,-3.0799845075047303,2.015604375868662,-0.4651861963205504,0.11193814300463167,9.288132713164881,0.863008037612675,0.28720035716684383,-1.19132654126204,49.966749503730604,3.243771761821977,0.0,0.0,1.17611678004535,12.295730680214541,0.0,0.5211511495124083,1.37812216553288,5.0,11.732336442701198,0.0,-1.0591347640493298,11.373414728031099,23.003681372365104,0.0,0.7892419515058849,0.0,-1.32758054610733,259.870676053929,7.9256502935973705,0.0,0.0,0.4638749867018113,79.0,0.49054988662131505,7.381589999999999,0.45498999999999995,-0.5673385638155074,0.56604,4.0,1.534517451549953,14.840102497460213,-0.018619999999999998,0.47296000000000005,3.2557484826472587,9.0,1.0,2.0,1.0,5.0,3.0,1.7453059963230553,0.0,0.0,0.0,0.4218133907885542,0.0,4.425233720338751,0.13231053674712895,35.32070533617561,49.124209864567845,0.9766753087216049,2.0,2.0,20.0,0.0,2.15052415993689,0.0,5.0,11.0,5.0,1.0,0.0,4.245598403367817,0.14000650688580782,0.0,0.0,14.003084162004399,0.5219784591012735,16.088273604279955,4.556464286413912,12.451142541895566,36.2401529217074,0.40499999999999897,1.8948842942853563,1.1230562756978497,0.13899999999999899,15.7744690355409,0.0349183255775446,-2.787730291938815,1.82686244848981,2.698491273807498,8.48169551122797,1.0,0.0,3.59999999998155e-07,-13.2664499999999,8.323923053097529,1,1,0,1,0
29,3.0,0.0,-23.890826611816102,1.0,3.5928834404132,0.9775188332851179,0.10828111888758186,0.0,0.0,0.0,1.1182769982993102,0.0,2.58351946334089,-1.2367632389988898,8.429252308276839,0.0,-1.1901372741771499,0.0,-1.90342592592592,0.9945224682241433,0.0,3.57895408163265,0.01716774214085419,0.0,0.0,2.0,-2.45409785793604,-0.7172935262849829,-18.97310208757303,1.0,0.6239296073466101,0.8225607284695808,0.0,0.0,0.0,-1.19807343013356,29.8333333333333,7.423285723901977,0.762616898994063,201.42784295536998,1.6759027148742016,-3.0799845075047303,2.017569522554311,-0.46457389428188023,0.13196516090956978,9.288132713164881,0.863008037612675,0.28090137817155797,-1.19132654126204,49.966749503730604,3.244063094308912,0.0,0.0,1.17611678004535,12.299663038372639,0.0,0.5234328140061989,1.37812216553288,5.0,11.732336442701198,0.0,-1.0591347640493298,11.373414728031099,23.003681372365104,0.0,0.7892419515058849,0.0,-1.32758054610733,256.89718061872753,7.9256502935973705,0.0,0.0,0.4610029915346819,79.0,0.49054988662131505,7.381589999999999,0.45498999999999995,-0.5656076881689142,0.56604,4.0,1.534137769560623,14.746663499740267,-0.018619999999999998,0.47296000000000005,3.2147914063376444,9.0,1.0,2.0,1.0,5.0,3.0,1.74521135217108,0.0,0.0,0.0,0.420075078833705,0.0,4.4350568215625605,0.13347460722134197,35.32070533617561,48.51592978171992,0.9766753087216049,2.0,2.0,20.0,0.0,2.15052415993689,0.0,5.0,11.0,5.0,1.0,0.0,4.24516861942245,0.13995995101933933,0.0,0.0,14.003084162004399,0.5220042111833678,16.095290541388675,4.553466608205159,12.363092139563737,36.2401529217074,0.40499999999999897,1.8945834109221102,1.1225823405247801,0.13899999999999899,15.7744690355409,0.0349183255775446,-2.7876347328358326,1.82686244848981,2.6925918959605304,8.64084307570548,1.0,0.0,3.59999999998155e-07,-13.2664499999999,8.328784332790413,1,1,0,1,0
30,2.0,0.0,-23.890826611816102,1.0,3.5928834404132,0.9775188332851179,0.10638491157884844,0.0,0.0,0.0,1.1182769982993102,0.0,2.58351946334089,-1.2367632389988898,8.429252308276839,0.0,-1.1901372741771499,0.0,-1.90342592592592,0.9788573109620862,0.0,3.57895408163265,0.023378434209076093,0.0,0.0,2.0,-2.45409785793604,-0.7172935262849829,-18.522088177112963,1.0,0.5840332766281986,0.754659131527101,0.0,0.0,0.0,-1.19807343013356,29.8333333333333,7.406105918783683,0.762616898994063,201.42784295536998,1.66446264307054,-3.0799845075047303,2.007997140852087,-0.4478257843362384,0.16029537208180297,9.288132713164881,0.863008037612675,0.3008452533436769,-1.19132654126204,49.966749503730604,3.223845488992026,0.0,0.0,1.17611678004535,12.302744083474973,0.0,0.5215840148067,1.37812216553288,5.0,11.732336442701198,0.0,-1.0591347640493298,11.373414728031099,23.003681372365104,0.0,0.7892419515058849,0.0,-1.32758054610733,206.61804265113636,7.9256502935973705,0.0,0.0,0.4612448875350293,79.0,0.49054988662131505,7.381589999999999,0.45498999999999995,-0.5656257535612768,0.56604,4.0,1.536335871556965,15.567556361355052,-0.018619999999999998,0.47296000000000005,3.3422763011915215,9.0,1.0,2.0,1.0,5.0,3.0,1.8364068538276839,0.0,0.0,0.0,0.42700837984919965,0.0,4.417482125491077,0.13589361227115024,35.32070533617561,51.28419301037581,0.9766753087216049,2.0,2.0,20.0,1.4626862232804356e-05,2.15052415993689,0.0,5.0,11.0,5.0,1.0,0.0,4.2423242729485136,0.14275216997645787,0.0,0.0,14.003084162004399,0.5222609874437658,16.090539444401053,4.526505854506482,12.266485988010443,36.2401529217074,0.40499999999999897,1.8956734529925467,1.120579771714099,0.13899999999999899,15.7744690355409,0.0349183255775446,-2.7865748379736073,1.82686244848981,2.7189763158755142,8.126889466164577,1.0,0.0,3.59999999998155e-07,-13.2664499999999,8.333104294914438,1,1,0,1,0
31,2.0,0.0,-23.890826611816102,1.0,3.5928834404132,0.9775188332851179,0.13420215804889887,0.0,0.0,0.0,1.1182769982993102,0.0,2.58351946334089,-1.2367632389988898,8.429252308276839,0.0,-1.1901372741771499,0.0,-1.90342592592592,0.9934176630769793,0.0,3.57895408163265,0.024991591970516047,0.0,0.0,2.0,-2.45409785793604,-0.7172935262849829,-19.00015649146774,1.0,0.45239901314491315,-0.10423229987045335,0.0,0.0,0.0,-1.19807343013356,29.8333333333333,7.465476325061819,0.762616898994063,196.36086898576255,1.6713677004538594,-3.0799845075047303,2.032697248703108,-0.3890138265300031,0.21451169416025204,9.288132713164881,0.863008037612675,0.31352380919240047,-1.19132654126204,49.966749503730604,3.4725953396913676,0.0,0.0,1.17611678004535,12.296791657446,0.0,0.5235519331098453,1.37812216553288,4.0,11.726708410480233,0.0,-1.0591347640493298,11.373414728031099,23.003681372365104,0.0,0.7892419515058849,0.0,-1.3229052375582004,228.57857409289127,7.9256502935973705,0.0,0.0,0.4630492656659001,79.0,0.49054988662131505,7.381589999999999,0.45498999999999995,-0.5655454934941835,0.56604,4.0,1.5352316761976823,15.131370970289472,-0.018619999999999998,0.47296000000000005,4.267706845633002,9.0,1.0,2.0,1.0,5.0,3.0,1.8067976261665293,0.30652828885351047,0.0,0.0,0.47474444566859547,0.0,4.460503101715681,0.13798297660739767,35.32070533617561,53.31046644769047,0.9766753087216049,1.0,2.0,20.0,0.004119136118581078,2.15052415993689,0.0,5.0,11.0,5.0,1.0,0.0,4.166067850826116,0.14482144157183416,0.0,0.0,14.003084162004399,0.5231412781812546,16.069434655296277,4.517695090830681,12.555251260969476,36.2401529217074,0.40499999999999897,1.7666850549392892,1.0814804745153763,0.13899999999999899,15.7744690355409,0.0349183255775446,-2.788481244697662,1.82686244848981,2.6026530916734103,7.341574592631368,1.0,0.0,3.59999999998155e-07,-13.2664499999999,8.343902118003081,1,1,0,1,0
32,2.0,0.0,-23.890826611816102,1.0,3.5928834404132,0.9775188332851179,0.12253835791471228,0.0,0.0,0.0,1.1182769982993102,0.0,2.58351946334089,-1.2367632389988898,8.429252308276839,0.0,-1.1901372741771499,0.0,-1.90342592592592,0.9940020132426981,0.0,3.57895408163265,0.02480721276840979,0.0,0.0,2.0,-2.45409785793604,-0.7172935262849829,-19.267250397073852,1.0,0.48102223117100573,-0.014960039798616931,0.0,0.0,0.0,-1.19807343013356,29.8333333333333,7.612292068049713,0.762616898994063,195.848132222125,1.6731357164693919,-3.0799845075047303,2.027447696064261,-0.36521532206176754,0.16654874908656486,9.288132713164881,0.863008037612675,0.30153302514586666,-1.19132654126204,49.966749503730604,3.57290939913324,0.0,0.0,1.17611678004535,12.301442673219418,0.0,0.5224434595641134,1.37812216553288,4.0,11.72672493267318,0.0,-1.0591347640493298,11.373414728031099,23.003681372365104,0.0,0.7892419515058849,0.0,-1.32758054610733,210.1784679872595,7.9256502935973705,0.0,0.0,0.46268334316077975,79.0,0.49054988662131505,7.381589999999999,0.45498999999999995,-0.5662786462688725,0.56604,4.0,1.522484430128936,15.733038324339411,-0.018619999999999998,0.47296000000000005,4.220779067383458,9.0,1.0,2.0,1.0,5.0,3.0,1.7967844247106413,0.2548940593286011,0.0,0.0,0.5434343417687427,0.0,4.7085809193774235,0.14287422079996975,35.32070533617561,53.83352785388957,0.9766753087216049,1.0,2.0,20.0,0.0063889473007044725,2.15052415993689,0.0,5.0,11.0,4.0,1.0,0.0,4.160657295706307,0.15091712908499455,0.0,0.0,14.003084162004399,0.5241770238452549,16.153183087624154,4.518840751900094,12.175404571308105,36.2401529217074,0.40499999999999897,1.7876397407358076,1.067159590667575,0.13899999999999899,15.7744690355409,0.0349183255775446,-2.786852235272758,1.82686244848981,2.5946570739068227,7.543022449179883,1.0,0.0,3.59999999998155e-07,-13.2664499999999,8.353951095333485,1,1,0,1,0
33,3.0,0.0,-23.890826611816102,1.0,3.5928834404132,0.9775188332851179,0.13536526919121478,0.0,0.0,0.0,1.1182769982993102,0.0,2.58351946334089,-1.2367632389988898,8.429252308276839,0.0,-1.1901372741771499,0.0,-1.90342592592592,0.9912134083163715,0.0,3.57895408163265,0.02673536790388857,0.0,0.0,2.0,-2.45409785793604,-0.7172935262849829,-19.2409239702123,1.0,0.49452676613039265,-0.0468780249609542,0.0,0.0,0.0,-1.19807343013356,29.8333333333333,7.605606651264301,0.762616898994063,196.22602479206887,1.6869711190300294,-3.0799845075047303,2.0312734669510957,-0.3699277797071457,0.19810864570805176,9.288132713164881,0.863008037612675,0.2869255835197186,-1.19132654126204,49.966749503730604,3.5614824645821526,0.0,0.0,1.17611678004535,12.309634098409221,0.0,0.5221112018902321,1.37812216553288,4.0,11.725958644821969,0.0,-1.0591347640493298,11.373414728031099,23.003681372365104,0.0,0.7892419515058849,0.0,-1.32758054610733,182.25717325585288,7.9256502935973705,0.0,0.0,0.461021222880413,79.0,0.49054988662131505,7.381589999999999,0.45498999999999995,-0.5660595920475591,0.56604,4.0,1.522726963374181,15.777436980921383,-0.018619999999999998,0.47296000000000005,4.177320778861359,9.0,1.0,2.0,1.0,5.0,3.0,1.842250610423006,0.29265847800906025,0.0,0.0,0.5145287576114472,0.0,4.6312380177430645,0.14085165527581345,35.32070533617561,54.020151061883496,0.9766753087216049,1.0,2.0,20.0,0.0048131204640507914,2.15052415993689,0.0,5.0,11.0,4.0,1.0,0.0,4.306154615291559,0.15197237279712555,0.0,0.0,14.003084162004399,0.5238436322299603,16.125151191444463,4.516755621061639,12.272350767442658,36.2401529217074,0.40499999999999897,1.8035888650213396,1.07027697941333,0.13899999999999899,15.7744690355409,0.0349183255775446,-2.788812382198606,1.82686244848981,2.5998919577525617,7.5491415847844525,1.0,0.0,3.59999999998155e-07,-13.2664499999999,8.354529323186878,1,1,0,1,0
34,3.0,0.0,-23.890826611816102,1.0,3.5928834404132,0.9775188332851179,0.13919499217825615,0.0,0.0,0.0,1.1182769982993102,0.0,2.58351946334089,-1.2367632389988898,8.429252308276839,0.0,-1.1901372741771499,0.0,-1.90342592592592,0.9920581001889751,0.0,3.57895408163265,0.024196706133669463,0.0,0.0,2.0,-2.45409785793604,-0.7172935262849829,-19.241498203488337,1.0,0.4919355125030616,0.0140700163859023,0.0,0.0,0.0,-1.19807343013356,29.8333333333333,7.581377615407108,0.762616898994063,196.0407316215082,1.6631464911814355,-3.0799845075047303,2.0219331896783963,-0.3528187277534763,0.16449252670969583,9.288132713164881,0.863008037612675,0.2832215008644054,-1.19132654126204,49.966749503730604,3.5892406529223972,0.0,0.0,1.17611678004535,12.309795657728918,0.0,0.5221900955071713,1.37812216553288,4.0,11.727067393060231,0.0,-1.0591347640493298,11.373414728031099,23.003681372365104,0.0,0.7892419515058849,0.0,-1.32758054610733,233.07328939468317,7.9256502935973705,0.0,0.0,0.46134453465712816,79.0,0.49054988662131505,7.381589999999999,0.45498999999999995,-0.5657188132073251,0.56604,4.0,1.5231229919396925,15.741670058720821,-0.018619999999999998,0.47296000000000005,4.2226958328670525,9.0,1.0,2.0,1.0,5.0,3.0,1.8282427126857324,0.2687568046438853,0.0,0.0,0.5194996160565147,0.0,4.665611240922864,0.1420838815917717,35.32070533617561,54.020151061883496,0.9766753087216049,1.0,2.0,20.0,0.005740293275403919,2.15052415993689,0.0,5.0,11.0,4.0,1.0,0.0,4.085766860105435,0.1502416094017485,0.0,0.0,14.003084162004399,0.5239361190926879,16.12062693604956,4.518494215790436,12.301168298022743,36.2401529217074,0.40499999999999897,1.8072987642443732,1.0629562063499443,0.13899999999999899,15.7744690355409,0.0349183255775446,-2.7859651544032236,1.82686244848981,2.6005941527570786,7.678604460590008,1.0,0.0,3.59999999998155e-07,-13.2664499999999,8.35614458755579,1,1,0,1,0
35,3.0,0.0,-23.890826611816102,1.0,3.5928834404132,0.9775188332851179,0.2304479011687356,0.0,0.0,0.0,1.1182769982993102,0.0,2.58351946334089,-1.2367632389988898,8.429252308276839,0.0,-1.1901372741771499,0.0,-1.90342592592592,0.9937158882715035,0.0,3.57895408163265,0.02324323305436823,0.0,0.0,2.0,-2.45409785793604,-0.7172935262849829,-17.463202108476867,1.0,0.5026827918318691,0.021130901745109797,0.0,0.0,0.0,-1.19807343013356,29.8333333333333,7.881316691047818,0.762616898994063,195.9701100130699,1.6464804593573186,-3.0799845075047303,2.0228086540305084,-0.364771066533177,0.25270406496629233,9.288132713164881,0.863008037612675,0.2844753523621011,-1.19132654126204,49.966749503730604,3.5409334521838134,0.0,0.0,1.17611678004535,12.308157282408748,0.0,0.5228361688493652,1.37812216553288,4.0,11.7279293679591,0.0,-1.0591347640493298,11.373132555449548,23.003681372365104,0.0,0.7892419515058849,0.0,-1.32758054610733,223.22950658805928,7.9256502935973705,0.0,0.0,0.46170300058030433,79.0,0.49054988662131505,7.381589999999999,0.45498999999999995,-0.5658609713221333,0.56604,4.0,1.5525623345115098,16.075420327902386,-0.018619999999999998,0.47296000000000005,4.071251119308861,9.0,1.0,2.0,1.0,5.0,3.0,1.8246357767440085,0.3028482091276513,0.0,0.0,0.5047202137156481,0.0,4.6699190246840665,0.1321751874607249,35.32070533617561,54.020151061883496,0.9766753087216049,1.0,2.0,20.0,0.005588878253681023,2.15052415993689,0.0,5.0,11.0,4.0,1.0,0.0,4.063860816854169,0.1502565543722206,0.0,0.0,14.003084162004399,0.5241495761469565,16.105914018928644,4.525231691533022,12.301630236939559,36.2401529217074,0.40499999999999897,1.798546316963432,1.0795554533536973,0.13899999999999899,15.7744690355409,0.0349183255775446,-2.7855840547744455,1.82686244848981,2.6190538955046097,7.665153807980231,1.0,0.0,3.59999999998155e-07,-13.2664499999999,8.357257201029181,1,1,0,1,0
36,3.0,0.0,-23.890826611816102,1.0,3.5928834404132,0.9775188332851179,0.232432586423599,0.0,0.0,0.0,1.1182769982993102,0.0,2.58351946334089,-1.2367632389988898,8.429252308276839,0.0,-1.1901372741771499,0.0,-1.90342592592592,0.9913650129887354,0.0,3.57895408163265,0.024847306062737985,0.0,0.0,2.0,-2.45409785793604,-0.7172935262849829,-18.141613704895498,1.0,0.5089540414046946,0.017076439588488,0.0,0.0,0.0,-1.19807343013356,29.8333333333333,7.8818701117718994,0.762616898994063,193.417675248238,1.6469901830631313,-3.0799845075047303,2.0235719848111966,-0.3648446702374377,0.2418783594243689,9.288132713164881,0.863008037612675,0.28471561987885646,-1.19132654126204,49.966749503730604,3.5083586546498644,0.0,0.0,1.17611678004535,12.310351578648811,0.0,0.5249950353605195,1.37812216553288,4.0,11.727551546351942,0.0,-1.0591347640493298,11.37318741021703,23.003681372365104,0.0,0.7892419515058849,0.0,-1.32758054610733,218.51916199827542,7.9256502935973705,0.0,0.0,0.46183282276935655,79.0,0.49054988662131505,7.381589999999999,0.45498999999999995,-0.5678778176764302,0.56604,4.0,1.5570016725244573,16.130701533750223,-0.018619999999999998,0.47296000000000005,4.133592305142541,9.0,1.0,2.0,1.0,5.0,3.0,1.8279898258654668,0.3000514220672929,0.0,0.0,0.5008667270775388,0.0,4.6704896508406915,0.1360683691895443,35.32070533617561,54.020151061883496,0.9766753087216049,1.0,2.0,20.0,0.005618448106500185,2.15052415993689,0.0,5.0,11.0,4.0,1.0,0.0,4.057231361010411,0.1502602671690798,0.0,0.0,14.003084162004399,0.5240215961419126,16.122228720496206,4.503467873272606,12.327467763471445,36.2401529217074,0.40499999999999897,1.708715128761641,1.0767877330158604,0.13899999999999899,15.7744690355409,0.0349183255775446,-2.785431130163072,1.82686244848981,2.6269880821139675,7.646013179376267,1.0,0.0,3.59999999998155e-07,-13.2664499999999,8.357596311271838,1,1,0,1,0
37,3.0,0.0,-23.890826611816102,1.0,3.5928834404132,0.9775188332851179,0.18660042048802933,0.0,0.0,0.0,1.1182769982993102,0.0,2.58351946334089,-1.2367632389988898,8.429252308276839,0.0,-1.1901372741771499,0.0,-1.90342592592592,0.992346447956632,0.0,3.57895408163265,0.02949309075864545,0.0,0.0,2.0,-2.45409785793604,-0.7172935262849829,-17.12960500444193,1.0,0.4961808141020588,-0.054578008200913845,0.0,0.0,0.0,-1.19807343013356,29.8333333333333,7.489774850039843,0.762616898994063,197.76080230054535,1.651832026159411,-3.0799845075047303,2.0433009437046765,-0.3524669354426928,0.22995770643058944,9.288132713164881,0.863008037612675,0.28416378190704705,-1.19132654126204,49.966749503730604,3.4754042035455015,0.0,0.0,1.17611678004535,12.306600151533246,0.0,0.5154781378830686,1.37812216553288,4.0,11.725274382598506,0.0,-1.0591347640493298,11.3733341071185,23.003681372365104,0.0,0.7892419515058849,0.0,-1.32758054610733,186.6080382777516,7.9256502935973705,0.0,0.0,0.46263177456109766,79.0,0.49054988662131505,7.381589999999999,0.45498999999999995,-0.5679916223131033,0.56604,4.0,1.5908087880138015,16.269651862810463,-0.018619999999999998,0.47296000000000005,3.9797540588587985,9.0,1.0,2.0,1.0,5.0,3.0,1.8368326378192368,0.2868332602833936,0.0,0.0,0.491849551257896,0.0,4.653998966531213,0.13538490016951432,35.32070533617561,54.020151061883496,0.9766753087216049,1.0,2.0,20.0,0.006716143257675737,2.15052415993689,0.0,5.0,11.0,4.0,1.0,0.0,4.42941253166788,0.15006206053221613,0.0,0.0,14.003084162004399,0.524034509572768,16.120056840896687,4.516033015073687,12.52139768355232,36.2401529217074,0.40499999999999897,1.7312178051002882,1.0670993564108027,0.13899999999999899,15.7744690355409,0.0349183255775446,-2.786660067204235,1.82686244848981,2.6121039209817067,7.617670945469045,1.0,0.0,3.59999999998155e-07,-13.2664499999999,8.361639361625599,1,1,0,1,0
38,3.0,0.0,-23.890826611816102,1.0,3.5928834404132,0.9775188332851179,0.19753744208266913,0.0,0.0,0.0,1.1182769982993102,0.0,2.58351946334089,-1.2367632389988898,8.429252308276839,0.0,-1.1901372741771499,0.0,-1.90342592592592,0.9922447411867177,0.0,3.57895408163265,0.028507672400311868,0.0,0.0,2.0,-2.45409785793604,-0.7172935262849829,-17.983645868103203,1.0,0.5091349961473861,-0.04414752085160483,0.0,0.0,0.0,-1.19807343013356,29.8333333333333,7.6952120733315015,0.762616898994063,195.83467640995596,1.649252832736008,-3.0799845075047303,2.030213393459688,-0.3560623538510322,0.24946058152899242,9.288132713164881,0.863008037612675,0.2840334661389727,-1.19132654126204,49.966749503730604,3.4782456211725177,0.0,0.0,1.17611678004535,12.306876455167389,0.0,0.5159634013451606,1.37812216553288,4.0,11.72479822736606,0.0,-1.0591347640493298,11.373289503964752,23.003681372365104,0.0,0.7892419515058849,0.0,-1.32758054610733,207.70116529020189,7.9256502935973705,0.0,0.0,0.4618891256946821,79.0,0.49054988662131505,7.381589999999999,0.45498999999999995,-0.5681550745679723,0.56604,4.0,1.6055676277429145,16.225197301476385,-0.018619999999999998,0.47296000000000005,4.017769019018298,9.0,1.0,2.0,1.0,5.0,3.0,1.83610606037923,0.31337962011189135,0.0,0.0,0.45441347008917193,0.0,4.666224570185039,0.13506562340180497,35.32070533617561,54.020151061883496,0.9766753087216049,1.0,2.0,20.0,0.00710669546128064,2.15052415993689,0.0,5.0,11.0,4.0,1.0,0.0,4.201799933746156,0.1542287417818168,0.0,0.0,14.003084162004399,0.5242537358850907,16.118666085571352,4.503534526533146,12.478668901797816,36.2401529217074,0.40499999999999897,1.7403529110998943,1.0707776200313577,0.13899999999999899,15.7744690355409,0.0349183255775446,-2.7942496828494012,1.82686244848981,2.588067182104989,7.648317049147167,1.0,0.0,3.59999999998155e-07,-13.2664499999999,8.368985275790607,1,1,0,1,0
